category	subcategory	function_name	function_ids	long_function_name
CAZy	CAZy	Polyphenolics	K05909, AA1, AA2, K00422	Polyphenolics Cleavage
CAZy	CAZy	Crystalline Cellulose	GH7, GH48, AA10, AA15, AA16, AA9, AA10, AA11, AA13	Crystalline Cellulose Backbone Cleavage
CAZy	CAZy	Amorphous Cellulose	GH5, GH6, GH7, GH8, GH9, GH10, GH124, GH12, GH44, GH45	Amorphous Cellulose Backbone Cleavage
CAZy	CAZy	Amorphous Cellulose	GH94, GH1, GH2, GH3, GH5, GH9, GH16, GH116	Amorphous Cellulose Oligo Cleavage
CAZy	CAZy	Mucin	GH101	Mucin Backbone Cleavage
CAZy	CAZy	Mucin	GH27, GH129, GH112, GH109, GH31, GH36	Mucin Oligo Cleavage
CAZy	CAZy	Sulf-Polysachharides	GH111, GH16, GH82, GH150, GH79, PL29, PL30, PL33, PL8, PL12, PL13, PL15, PL21, PL6, PL37, GH56, GH86	Sulf-Polysachharides Backbone Cleavage
CAZy	CAZy	Sulf-Polysachharides	PL21, PL37, PL23, PL24, PL25, GH88, PL15, PL6, GH117	Sulf-Polysachharides Oligo Cleavage
CAZy	CAZy	Xyloglucan	GH5, GH9, GH12, GH16, GH44, GH45, GH48, GH74, AA9	Xyloglucan Backbone Cleavage (Hemicellulose)
CAZy	CAZy	Xyloglucan	GH31, GH43, GH10, GH2	Xyloglucan Oligo Cleavage (Hemicellulose)
CAZy	CAZy	Starch	AA13, GH13, GH14, GH57, GH119, GH126	Starch Backbone Cleavage
CAZy	CAZy	Starch	GH133, GH15, GH97	Starch Oligo Cleavage
CAZy	CAZy	Chitin	GH18, GH19, GH23, GH73	Chitin Backbone Cleavage
CAZy	CAZy	Chitin	GH20, GH3, GH5, GH84, GH116, AA10, AA11, AA15, CE4	Chitin Oligo Cleavage
CAZy	CAZy	Pectin	GH28, PL1, PL2, PL9, PL10, PL11, PL22, PL26, PL3, PL4	Pectin Backbone Cleavage
CAZy	CAZy	Pectin	GH78, GH106, GH138, GH139, GH143, CE8, GH105, GH4, CE12, GH2	Pectin Oligo Cleavage
CAZy	CAZy	Alpha-galactans	GH166	Alpha-galactans Backbone Cleavage
CAZy	CAZy	Alpha-galactans	GH27, GH110, GH4, GH31, GH36, GH97	Alpha-galactans Oligo Cleavage
CAZy	CAZy	Beta-galactan (pectic galactan)	GH53	Beta-galactan (pectic galactan) Backbone Cleavage
CAZy	CAZy	Beta-galactan (pectic galactan)	GH2, GH35, GH42, GH1, GH59, GH147, GH165	Beta-galactan (pectic galactan) Oligo Cleavage
CAZy	CAZy	Mixed-Linkage glucans	GH16, GH30, GH17, GH7, GH8, GH9, GH5, GH55, GH64, GH81, GH128, GH152, GH157, GH158	Mixed-Linkage glucans Backbone Cleavage (Hemicellulose)
CAZy	CAZy	Mixed-Linkage glucans	GH3, GH16, GH17, GH55, GH1	Mixed-Linkage glucans Oligo Cleavage (Hemicellulose)
CAZy	CAZy	Xylans	GH10, GH26, GH8, GH5, GH11, GH30, GH98, GH141	Xylan Backbone Cleavage (Hemicellulose)
CAZy	CAZy	Xylans	GH39, GH3, GH31, GH52, GH120, GH115, GH67	Xylan Oligo Cleavage (Hemicellulose)
CAZy	CAZy	Beta-mannan	GH113, GH134, GH26, GH5	Beta-mannan Backbone Cleavage (Hemicellulose)
CAZy	CAZy	Beta-mannan	GH26, GH130, GH113, CE2, CE17, GH2	Beta-mannan Oligo Cleavage (Hemicellulose)
CAZy	CAZy	Alpha-mannan	GH99, GH76	Alpha-mannan Backbone Cleavage (Hemicellulose)
CAZy	CAZy	Alpha-mannan	GH76, GH92, GH38, GH63, GH47, GH125, GH130	Alpha-mannan Oligo Cleavage (Hemicellulose)
CAZy	CAZy	Arabinan	GH43, GH49	Arabinan Backbone Cleavage
CAZy	CAZy	Arabinan	GH93, GH43, GH51, GH3, GH54, GH62	Arabinan Oligo Cleavage
CAZy	CAZy	Rhamnose cleavage	GH78, GH106, GH145, PL24, PL25, PL27, PL28, GH28	Rhamnose Oligo cleavage
CAZy	CAZy	Fucose Cleavage	GH107, GH139, GH141, GH151, GH29, GH95	Fucose Oligo Cleavage
CAZy	CAZy	Arabinose cleavage	GH121, GH127, GH137, GH142, GH146, GH54, GH62, GH2	Arabinose Oligo cleavage
